0,1,2,3,4,5,6,7,8,9,10,11,12,13,14,15,16,17,18,19,20,21,22,23,24,25,26,27,28,29,30
stone,581.2016582913292,0.9019064824774731,0.07870574640908633,0.3271097810208234,0.399732875405457,0.2386949055523755,0.0,0.14119442854417097,0.0,0.007250524709024995,0.0,0.10398778858996374,0.0,0.01316542644533486,0.0,0.0045792787635947334,0.0,0.005342491890860523,0.0,0.0622018698721618,0.0,0.008204541118107232,0.0,0.0061057050181263115,0.0,0.00038160656363289447,0.0,0.0034344590726960505,0.0,0.005724098454493417
stone,2776.1604020090617,0.5029925560156595,0.0069808563402719076,0.034967303162657906,0.4294471153846154,0.19915865384615383,0.0,0.1483173076923077,0.0,0.005168269230769231,0.0,0.11358173076923077,0.0,0.007932692307692307,0.0,0.004086538461538462,0.0,0.003605769230769231,0.0,0.07427884615384615,0.0,0.0034855769230769233,0.0,0.003605769230769231,0.0,0.0,0.0,0.0028846153846153848,0.0,0.004447115384615384
stone,240.23914572862068,0.9571907145700419,0.013969611996826913,0.14858740377049232,0.3191811978771797,0.17816527672479152,0.0,0.15213545615365176,0.0,0.005812484205205964,0.0,0.15794794035885773,0.0,0.006317917614354309,0.0,0.004043467273186757,0.0,0.005054334091483447,0.0,0.15466262319939347,0.0,0.0035380338640384128,0.0,0.003032600454890068,0.0,0.00025271670457417233,0.0,0.0027798837503158957,0.0,0.0070760677280768255
stone,659.4126633165199,0.7997460106704439,0.011393606644378905,0.08148878682061698,0.43430974477958234,0.23999419953596288,0.0,0.146461716937355,0.0,0.005510440835266821,0.0,0.08700696055684455,0.0,0.007975638051044084,0.0,0.002900232018561485,0.0,0.004205336426914153,0.0,0.057569605568445474,0.0,0.005655452436194895,0.0,0.0021751740139211136,0.0,0.0,0.0,0.0021751740139211136,0.0,0.004060324825986079
stone,719.9966331657673,0.6637700195500008,0.010923393924736641,0.05765600499979345,0.4390345982142857,0.2886439732142857,0.0,0.13685825892857142,0.0,0.005022321428571429,0.0,0.061244419642857144,0.0,0.010044642857142858,0.0,0.004743303571428571,0.0,0.0037667410714285715,0.0,0.033900669642857144,0.0,0.005719866071428571,0.0,0.004045758928571429,0.0,0.00027901785714285713,0.0,0.002232142857142857,0.0,0.004464285714285714
stone,972.4984422109237,0.8762674372606604,0.0110569750864854,0.09619340959857887,0.3386752136752137,0.2064102564102564,0.0,0.14636752136752137,0.0,0.011111111111111112,0.0,0.12457264957264957,0.0,0.01452991452991453,0.0,0.011538461538461539,0.0,0.008333333333333333,0.0,0.11089743589743589,0.0,0.006196581196581196,0.0,0.006623931623931624,0.0,0.000641025641025641,0.0,0.006623931623931624,0.0,0.007478632478632479
stone,470.84351758792224,0.7075398629487555,0.020469007441735527,0.08502287268257662,0.4630081300813008,0.2943089430894309,0.0,0.10474254742547426,0.0,0.008672086720867209,0.0,0.0456639566395664,0.0,0.018970189701897018,0.0,0.006775067750677507,0.0,0.004878048780487805,0.0,0.023441734417344172,0.0,0.011111111111111112,0.0,0.006775067750677507,0.0,0.0013550135501355014,0.0,0.0033875338753387536,0.0,0.006910569105691057
stone,448.82251256277624,0.958679202030665,0.3589887342984838,0.4173318604753196,0.41034575180916644,0.2682926829268293,0.0,0.12409541677834361,0.0,0.013401232913428035,0.0,0.0675422138836773,0.0,0.016885553470919325,0.0,0.0077727150897882605,0.0,0.007236665773251139,0.0,0.05333690699544358,0.0,0.009916912355936747,0.0,0.009380863039399626,0.0,0.0010720986330742428,0.0,0.003484320557491289,0.0,0.007236665773251139
stone,1041.3557286429566,0.9057761186067116,0.08142336713459591,0.17945409583443672,0.392751350409479,0.22895974908520647,0.0,0.14654120926990766,0.0,0.006098623453563339,0.0,0.10437358424812686,0.0,0.009932043910088865,0.0,0.006272869837950863,0.0,0.006098623453563339,0.0,0.07527443805541036,0.0,0.0064471162223383865,0.0,0.005924377069175815,0.0,0.00017424638438752395,0.0,0.0029621885345879075,0.0,0.008189580066213627
stone,153.34331658290773,0.7181571699850161,0.023953718907061064,0.1203676672045954,0.4004935404267673,0.2512701408041806,0.0,0.14748149223399623,0.0,0.006096675860066773,0.0,0.08956307156336188,0.0,0.011322398025838292,0.0,0.0065321527072144,0.0,0.0053708811148207285,0.0,0.060240963855421686,0.0,0.006386993758165191,0.0,0.0049354042676731024,0.0,0.0,0.0,0.0049354042676731024,0.0,0.0053708811148207285
stone,1024.9876884420694,0.8742567594737642,0.011470007484307826,0.11102351965188571,0.3430338816251933,0.2402643047940391,0.0,0.17503163222269086,0.0,0.002811753128075355,0.0,0.11767186840995361,0.0,0.0029523407844791226,0.0,0.0032335160972866584,0.0,0.003374103753690426,0.0,0.10305075214396175,0.0,0.002249402502460284,0.0,0.0015464642204414453,0.0,0.0,0.0,0.002108814846056516,0.0,0.0026711654716715873
stone,1679.1536432157575,0.6757382741578418,0.011484432378918247,0.06989878841663415,0.4329354930377948,0.2584541062801932,0.0,0.1294401818698494,0.0,0.006535947712418301,0.0,0.07729468599033816,0.0,0.015913611821540212,0.0,0.005541346973572037,0.0,0.004546746234725774,0.0,0.04674623472577437,0.0,0.0068201193520886615,0.0,0.005967604433077579,0.0,0.00042625745950554135,0.0,0.0032679738562091504,0.0,0.006109690252912759
stone,289.3199748743525,0.8395681488269755,0.015474531486253107,0.11109130613553611,0.4037025977903852,0.2290235891310839,0.0,0.14526724395341892,0.0,0.005374738727978501,0.0,0.09764108689160944,0.0,0.011645267243953419,0.0,0.004628247237981487,0.0,0.006718423409973126,0.0,0.07509704389369962,0.0,0.006718423409973126,0.0,0.0041803523439832785,0.0,0.00014929829799940282,0.0,0.004329650641982681,0.0,0.005524037025977904
stone,1129.1447236179151,0.7224571103259553,0.0102535191856509,0.07034437416903402,0.39753587024329384,0.24438552713661885,0.0,0.13817841547099188,0.0,0.010761072988147224,0.0,0.0906113537117904,0.0,0.014192139737991267,0.0,0.007485963817841547,0.0,0.009045539613225203,0.0,0.06144728633811603,0.0,0.006550218340611353,0.0,0.007485963817841547,0.0,0.0006238303181534623,0.0,0.004834684965689333,0.0,0.006862133499688085
stone,693.9801256280919,0.4540221585579896,0.012063389470668909,0.048576596239005516,0.44730554818157686,0.24236793204141227,0.0,0.13525351738784178,0.0,0.00504380143350146,0.0,0.0755242898858508,0.0,0.01393681975046456,0.0,0.005574727900185824,0.0,0.005707459516856916,0.0,0.04419962835147332,0.0,0.007432970533581099,0.0,0.006902044066896735,0.0,0.00013273161667109106,0.0,0.0035837536501194586,0.0,0.007034775683567826
stone,381.9377889446839,0.9416834434938033,0.01412529652499731,0.16824052890846755,0.40244687701223436,0.28171281390856406,0.0,0.1313586606567933,0.0,0.006600128783000644,0.0,0.07614294913071475,0.0,0.008370895041854474,0.0,0.0051513200257566,0.0,0.004024468770122344,0.0,0.06664520283322602,0.0,0.005312298776561494,0.0,0.004829362524146813,0.0,0.00016097875080489375,0.0,0.0022537025112685126,0.0,0.004990341274951706
stone,414.85783919593723,0.9257025229897964,0.016580982451776128,0.12791424942670346,0.45040946314831665,0.31210191082802546,0.0,0.10282074613284804,0.0,0.010009099181073703,0.0,0.0435244161358811,0.0,0.02183803457688808,0.0,0.005307855626326964,0.0,0.005307855626326964,0.0,0.021989687594783137,0.0,0.00940248710949348,0.0,0.00545950864422202,0.0,0.0007582650894752805,0.0,0.0037913254473764028,0.0,0.007279344858962694
stone,707.1548994974283,0.545103487708516,0.01379551437106136,0.061203256905843495,0.4513509916145348,0.25542393185145745,0.0,0.12311992546253162,0.0,0.007320644216691069,0.0,0.06947956874750433,0.0,0.013709570078530547,0.0,0.005723412751231199,0.0,0.004924797018501265,0.0,0.04405696792226807,0.0,0.007853054705177692,0.0,0.007187541594569413,0.0,0.0002662052442433116,0.0,0.0037268734194063624,0.0,0.005856515373352855
stone,1775.888065326185,0.6592719699814106,0.0466852291246131,0.08532242023958098,0.46807634216668953,0.2161197308801318,0.0,0.13991487024577784,0.0,0.004943017987093231,0.0,0.07977481806947687,0.0,0.009336811753398325,0.0,0.004531099821502128,0.0,0.004943017987093231,0.0,0.05286283125085816,0.0,0.005766854318275436,0.0,0.005492242207881368,0.0,0.0002746121103940684,0.0,0.0031580392695317863,0.0,0.004805711931896196
stone,306.61557788939496,0.9325147990274177,0.07022093678259346,0.3258077014839143,0.43109724388975557,0.2596637198821286,0.0,0.13971225515687294,0.0,0.005026867741376321,0.0,0.07332293291731669,0.0,0.013000520020800831,0.0,0.005200208008320333,0.0,0.003986826139712255,0.0,0.04333506673600277,0.0,0.00797365227942451,0.0,0.005373548275264344,0.0,0.0,0.0,0.003986826139712255,0.0,0.008320332813312533
stone,694.4234673365326,0.9238977987903636,0.03556745439337967,0.1557278047570504,0.4379184418746196,0.23508825319537432,0.0,0.13024954351795495,0.0,0.006847230675593427,0.0,0.08384053560559951,0.0,0.01278149726110773,0.0,0.00699939135727328,0.0,0.007608034083992696,0.0,0.05508216676810712,0.0,0.007303712720632989,0.0,0.007151552038953134,0.0,0.0004564820450395618,0.0,0.00349969567863664,0.0,0.005173463177115033
stone,201.31180904519795,0.9766666034850251,0.6910863593296727,0.7273772849521835,0.4287871162556618,0.25767488676396577,0.0,0.11877201811776547,0.0,0.009562154001006542,0.0,0.06743834927025667,0.0,0.018117765475591345,0.0,0.00754906894816306,0.0,0.0055359838953195776,0.0,0.046804227478610974,0.0,0.01509813789632612,0.0,0.008555611474584801,0.0,0.0005032712632108706,0.0,0.006039255158530448,0.0,0.009562154001006542
stone,631.685879396868,0.8841153440390189,0.01176585172378559,0.0767212298097427,0.4731607629427793,0.31662125340599456,0.0,0.08773841961852862,0.0,0.012806539509536785,0.0,0.02779291553133515,0.0,0.024659400544959128,0.0,0.004359673024523161,0.0,0.0051771117166212535,0.0,0.016485013623978202,0.0,0.012942779291553134,0.0,0.006948228882833788,0.0,0.0016348773841961854,0.0,0.0031335149863760217,0.0,0.006539509536784741
stone,867.1789447235293,0.568762699936481,0.01158246491894615,0.05617753912305082,0.4533717895893421,0.2873231698942453,0.0,0.10561736025271254,0.0,0.01057547040241725,0.0,0.048207663782447466,0.0,0.022249690976514216,0.0,0.007279219887378108,0.0,0.006592501030078286,0.0,0.026507347891773107,0.0,0.01085015794533718,0.0,0.008377970059057821,0.0,0.0008240626287597857,0.0,0.004120313143798929,0.0,0.008103282516137893
stone,719.9264824119593,0.8922361335980158,0.012801747942568144,0.07267451152190203,0.4472628260246489,0.25007165376898827,0.0,0.13069647463456577,0.0,0.007451991974777874,0.0,0.0703640011464603,0.0,0.014330753797649757,0.0,0.005588993981083405,0.0,0.006735454284895385,0.0,0.04155918601318429,0.0,0.009458297506448839,0.0,0.006878761822871883,0.0,0.00014330753797649757,0.0,0.0034393809114359416,0.0,0.0060189165950128975
stone,599.4732412059116,0.9162888230422949,0.010888416422121109,0.06730341552794956,0.44899160900927426,0.2504048284999264,0.0,0.13131164433976153,0.0,0.0069188870896511115,0.0,0.06595024289709996,0.0,0.012954511997644634,0.0,0.005005152362726336,0.0,0.006330045635212719,0.0,0.04872663035477698,0.0,0.007360518180479906,0.0,0.004563521271897542,0.0,0.00029442072721919626,0.0,0.004121890181068747,0.0,0.00706609745326071
stone,905.1172864320856,0.7703131873059557,0.012427728499027471,0.06153365329467754,0.4162200282087447,0.21960507757404796,0.0,0.14090267983074753,0.0,0.006770098730606488,0.0,0.10267983074753173,0.0,0.00930888575458392,0.0,0.006346967559943582,0.0,0.0043723554301833565,0.0,0.07447108603667137,0.0,0.005218617771509168,0.0,0.004795486600846262,0.0,0.0,0.0,0.0039492242595204514,0.0,0.005359661495063469
stone,1571.2888190952906,0.7669696684710444,0.03519048960761955,0.14664613391931525,0.41689610201420085,0.23895087668453846,0.0,0.13722648891465006,0.0,0.007824952905376032,0.0,0.0830314447181568,0.0,0.01173742935806405,0.0,0.005506448340820171,0.0,0.00536154180553543,0.0,0.07100420228952325,0.0,0.007680046370091291,0.0,0.005506448340820171,0.0,0.0002898130705694827,0.0,0.0036226633821185334,0.0,0.00536154180553543
stone,809.1866834169692,0.9461503760227536,0.17687066047566705,0.41761913224937397,0.4252610134963076,0.23121976063152533,0.0,0.1359816653934301,0.0,0.006111535523300229,0.0,0.09574738986503692,0.0,0.005856888209829387,0.0,0.0030557677616501145,0.0,0.0053475935828877,0.0,0.0766488413547237,0.0,0.004074357015533486,0.0,0.004074357015533486,0.0,0.0,0.0,0.0035650623885918,0.0,0.0030557677616501145
stone,493.74630653261,0.8339181996190915,0.012038689807090986,0.0688813062475571,0.4097383720930233,0.20973837209302326,0.0,0.1553779069767442,0.0,0.005959302325581396,0.0,0.10232558139534884,0.0,0.009883720930232558,0.0,0.0034883720930232558,0.0,0.004941860465116279,0.0,0.07761627906976744,0.0,0.005668604651162791,0.0,0.005523255813953488,0.0,0.0,0.0,0.004941860465116279,0.0,0.004796511627906977
stone,1073.3283668340118,0.6679093655233331,0.00944345989960134,0.04606793577756271,0.43887362637362637,0.24505494505494504,0.0,0.13434065934065934,0.0,0.006181318681318681,0.0,0.07843406593406593,0.0,0.010302197802197802,0.0,0.006181318681318681,0.0,0.004945054945054945,0.0,0.05260989010989011,0.0,0.007005494505494506,0.0,0.005082417582417583,0.0,0.0005494505494505495,0.0,0.003434065934065934,0.0,0.007005494505494506
stone,387.5003768843989,0.7520372721307218,0.016094381878540374,0.07541670622180106,0.44963875903102424,0.28587618642867263,0.0,0.11800538319875337,0.0,0.0065165037540728145,0.0,0.05992350191245219,0.0,0.013316333758322708,0.0,0.004249893752656183,0.0,0.0048165462530103415,0.0,0.036407423147754636,0.0,0.007508145629692591,0.0,0.0058081881286301176,0.0,0.00042498937526561835,0.0,0.002833262501770789,0.0,0.004674883127921802
stone,1471.1256030147533,0.8207847112485412,0.009394448506206804,0.06251307223579766,0.4104803493449782,0.23189278723083873,0.0,0.13642523716307786,0.0,0.008733624454148471,0.0,0.08854088239722933,0.0,0.016262611052552327,0.0,0.006474928474627315,0.0,0.006474928474627315,0.0,0.07077247402499623,0.0,0.007378406866435778,0.0,0.006625508206595392,0.0,0.0003011594639361542,0.0,0.0045173919590423125,0.0,0.005119710886914621
stone,491.2099999999482,0.9632304873013621,0.3176630477983612,0.3888789408521699,0.39041311888994007,0.22232734153263956,0.0,0.13497319457584359,0.0,0.006937874487543362,0.0,0.11573636076947336,0.0,0.00914538000630716,0.0,0.006622516556291391,0.0,0.005361084831283507,0.0,0.08987701040681173,0.0,0.003468937243771681,0.0,0.006622516556291391,0.0,0.0,0.0,0.004730368968779565,0.0,0.003784295175023652
stone,670.3386934672434,0.9136019069641258,0.1665151174784823,0.3338980515448157,0.4221399337361138,0.28006236601052426,0.0,0.13096862210095497,0.0,0.004482557006431495,0.0,0.07133112453712727,0.0,0.01227830832196453,0.0,0.00565191970376145,0.0,0.004287663223543169,0.0,0.046969401676086535,0.0,0.0070161761839797315,0.0,0.006431494835314753,0.0,0.00019489378288832586,0.0,0.0035080880919898657,0.0,0.004677450789319821
stone,623.5783417085148,0.14821292926871812,0.016267180412000794,0.05405138038347865,0.5054320363820111,0.31493178372915615,0.0,0.07630116220313289,0.0,0.010232440626579081,0.0,0.024759979787771603,0.0,0.023370389085396664,0.0,0.005684689236988378,0.0,0.003916119252147549,0.0,0.011243052046488126,0.0,0.010358767054067712,0.0,0.005684689236988378,0.0,0.0005053057099545225,0.0,0.0027791814047498737,0.0,0.004800404244567963
stone,454.6159045225727,0.8008576805296326,0.015208239899618618,0.06981445290090788,0.45257142857142857,0.2945714285714286,0.0,0.10528571428571429,0.0,0.009714285714285713,0.0,0.046714285714285715,0.0,0.017714285714285714,0.0,0.00842857142857143,0.0,0.006857142857142857,0.0,0.02957142857142857,0.0,0.010142857142857143,0.0,0.007857142857142858,0.0,0.0012857142857142856,0.0,0.003142857142857143,0.0,0.006142857142857143
stone,1538.531180904371,0.4097114601729781,0.011184616288643078,0.04130834147134201,0.45177469135802467,0.26530349794238683,0.0,0.12448559670781893,0.0,0.009002057613168725,0.0,0.0577417695473251,0.0,0.014789094650205762,0.0,0.008359053497942387,0.0,0.005529835390946502,0.0,0.038580246913580245,0.0,0.008616255144032922,0.0,0.006815843621399177,0.0,0.000257201646090535,0.0,0.0032150205761316874,0.0,0.005529835390946502
stone,1113.2015577887712,0.8345219469190598,0.026971598199145366,0.14269670077083235,0.44772196261682246,0.2794976635514019,0.0,0.11696845794392523,0.0,0.009637850467289719,0.0,0.05052570093457944,0.0,0.01854556074766355,0.0,0.007155373831775701,0.0,0.0073014018691588784,0.0,0.0344626168224299,0.0,0.009345794392523364,0.0,0.007447429906542056,0.0,0.0005841121495327102,0.0,0.0029205607476635513,0.0,0.007885514018691588
stone,1388.9596733663668,0.8359679945723408,0.01089164825993502,0.08364877433526463,0.4584750566893424,0.2543934240362812,0.0,0.12244897959183673,0.0,0.008645124716553288,0.0,0.06420068027210885,0.0,0.011479591836734694,0.0,0.0045351473922902496,0.0,0.005668934240362812,0.0,0.04478458049886622,0.0,0.008219954648526076,0.0,0.007227891156462585,0.0,0.0002834467120181406,0.0,0.0031179138321995466,0.0,0.006519274376417234
stone,448.82251256277624,0.958679202030665,0.3589887342984838,0.4173318604753196,0.41034575180916644,0.2682926829268293,0.0,0.12409541677834361,0.0,0.013401232913428035,0.0,0.0675422138836773,0.0,0.016885553470919325,0.0,0.0077727150897882605,0.0,0.007236665773251139,0.0,0.05333690699544358,0.0,0.009916912355936747,0.0,0.009380863039399626,0.0,0.0010720986330742428,0.0,0.003484320557491289,0.0,0.007236665773251139
stone,135.66814070351273,0.9019611670941176,0.5389999186926516,0.5927262972172057,0.42894736842105263,0.21842105263157896,0.0,0.14769736842105263,0.0,0.0042763157894736845,0.0,0.09901315789473684,0.0,0.007894736842105263,0.0,0.0042763157894736845,0.0,0.003618421052631579,0.0,0.06842105263157895,0.0,0.0042763157894736845,0.0,0.005263157894736842,0.0,0.0003289473684210526,0.0,0.001644736842105263,0.0,0.0059210526315789476
stone,458.16773869339795,0.9521815842075605,0.0186462803425173,0.09921890266780835,0.4349095154699358,0.2529188558085231,0.0,0.13631056625802684,0.0,0.009340338587273789,0.0,0.06873905429071804,0.0,0.010799766491535318,0.0,0.007734967892586106,0.0,0.006129597197898424,0.0,0.043928779918272036,0.0,0.008318739054290718,0.0,0.0074430823117338,0.0,0.0005837711617046118,0.0,0.004524226503210741,0.0,0.008318739054290718
stone,623.6443969848277,0.9317335669845542,0.011759142931727647,0.11306946696010822,0.39632014719411224,0.25685372585096594,0.0,0.13873045078196872,0.0,0.009567617295308188,0.0,0.08408463661453541,0.0,0.014903403863845446,0.0,0.006439742410303588,0.0,0.004599816007359705,0.0,0.06071757129714812,0.0,0.007359705611775529,0.0,0.0068077276908923645,0.0,0.0009199632014719411,0.0,0.004231830726770929,0.0,0.008463661453541858
stone,516.8085427135003,0.9263111086767536,0.01745668901926281,0.16592222865512657,0.4132722335369993,0.2625594025797692,0.0,0.13153428377460963,0.0,0.006109979633401222,0.0,0.07739307535641547,0.0,0.012219959266802444,0.0,0.008655804480651732,0.0,0.00560081466395112,0.0,0.05668703326544467,0.0,0.008995247793618466,0.0,0.006788866259334691,0.0,0.00016972165648336727,0.0,0.004073319755600814,0.0,0.005940257976917855
stone,505.860276381851,0.898476998898841,0.01234884365221896,0.11133058440342126,0.3478430607066172,0.2332617606870974,0.0,0.15244973648252977,0.0,0.006246340035135663,0.0,0.11438610189342183,0.0,0.011321491313683388,0.0,0.00722233066562561,0.0,0.007027132539527621,0.0,0.09837985555338669,0.0,0.006051141909037674,0.0,0.004489556900253757,0.0,0.00039039625219597894,0.0,0.004099160648057779,0.0,0.006831934413429631
stone,1728.9960301503227,0.858085675006467,0.023011852158483382,0.1538759781520026,0.42716165413533835,0.2656641604010025,0.0,0.12092731829573934,0.0,0.010494987468671679,0.0,0.0668859649122807,0.0,0.01582080200501253,0.0,0.006422305764411027,0.0,0.009398496240601503,0.0,0.05482456140350877,0.0,0.0073621553884711775,0.0,0.0045426065162907266,0.0,0.0007832080200501253,0.0,0.003132832080200501,0.0,0.006578947368421052
stone,1934.3181909542673,0.5895251297908515,0.007332422869743629,0.032412121986247315,0.4681647940074906,0.2792342904702455,0.0,0.10875294770425857,0.0,0.00957136912193092,0.0,0.050908586489110834,0.0,0.018726591760299626,0.0,0.0070744902205576365,0.0,0.005826050769870994,0.0,0.024691358024691357,0.0,0.010403662089055347,0.0,0.006935774726036899,0.0,0.0008322929671244278,0.0,0.003190456373976973,0.0,0.0056873352753502564
stone,598.7784422109856,0.9659100270010902,0.30645413154997725,0.4041499016841177,0.44118527387009876,0.27087698293923973,0.0,0.12930260401077523,0.0,0.005387608500448967,0.0,0.06285543250523795,0.0,0.006584854833882071,0.0,0.0032924274169410356,0.0,0.0038910505836575876,0.0,0.05716851242143071,0.0,0.0074827895839568994,0.0,0.0050882969170906915,0.0,0.0,0.0,0.0017958695001496557,0.0,0.0050882969170906915
stone,974.2226884420601,0.8458444131065522,0.01011073196340471,0.07707537040089064,0.4180276381909548,0.24544597989949749,0.0,0.13269472361809045,0.0,0.005967336683417085,0.0,0.08212939698492462,0.0,0.012248743718592964,0.0,0.006909547738693468,0.0,0.004711055276381909,0.0,0.06548366834170855,0.0,0.008479899497487437,0.0,0.005025125628140704,0.0,0.000785175879396985,0.0,0.003925879396984924,0.0,0.008165829145728644
brick,134.16201005024874,0.7706688693737967,0.0261154284986192,0.13949805896451767,0.4318454164170162,0.25089874176153387,0.0,0.11593768723786699,0.0,0.01183343319352906,0.0,0.0695026962252846,0.0,0.02037147992810066,0.0,0.007189934092270821,0.0,0.007489514679448772,0.0,0.053325344517675254,0.0,0.01018573996405033,0.0,0.008837627321749551,0.0,0.0011983223487118035,0.0,0.004044337926902336,0.0,0.007339724385859796
brick,87.52522613065265,0.8917256165296013,0.03934353266788325,0.21513752915865847,0.42289572864321606,0.28391959798994976,0.0,0.12908291457286433,0.0,0.010521356783919598,0.0,0.058574120603015076,0.0,0.016802763819095477,0.0,0.006595477386934673,0.0,0.007851758793969849,0.0,0.03910175879396985,0.0,0.00989321608040201,0.0,0.0037688442211055275,0.0,0.000314070351758794,0.0,0.0043969849246231155,0.0,0.00628140703517588
brick,93.01841708542534,0.9098531102734491,0.02928742522708974,0.18499429969373918,0.40624144538735285,0.2881193539556529,0.0,0.1205858198740761,0.0,0.011634273200109499,0.0,0.07185874623597044,0.0,0.013276758828360252,0.0,0.007938680536545305,0.0,0.006296194908294552,0.0,0.05255954010402409,0.0,0.005611825896523406,0.0,0.005885573501231864,0.0,0.0002737476047084588,0.0,0.0046537092800438,0.0,0.005064330687106488
brick,98.63326633165744,0.9859511131992219,0.7029302369148953,0.7537575996051926,0.44184491978609625,0.27540106951871657,0.0,0.11697860962566844,0.0,0.008021390374331552,0.0,0.05548128342245989,0.0,0.019385026737967916,0.0,0.0033422459893048127,0.0,0.004010695187165776,0.0,0.04077540106951872,0.0,0.010026737967914439,0.0,0.011363636363636364,0.0,0.0,0.0,0.007352941176470588,0.0,0.006016042780748663
brick,108.33814070351252,0.9864313812308438,0.3959325150844313,0.544470593872946,0.39451728247914186,0.2673818037346047,0.0,0.12912197059992053,0.0,0.007945967421533572,0.0,0.07548669050456894,0.0,0.01986491855383393,0.0,0.006356773937226857,0.0,0.007945967421533572,0.0,0.06356773937226858,0.0,0.009535160905840286,0.0,0.006754072308303536,0.0,0.0003972983710766786,0.0,0.0023837902264600714,0.0,0.00874056416368693
brick,212.70291457285254,0.9854044972896479,0.46700115711086776,0.6051320948650697,0.379281537176274,0.24853801169590642,0.0,0.14995822890559732,0.0,0.005847953216374269,0.0,0.09273182957393483,0.0,0.010442773600668337,0.0,0.005430242272347535,0.0,0.005430242272347535,0.0,0.06934001670843776,0.0,0.008771929824561403,0.0,0.007518796992481203,0.0,0.0,0.0,0.005847953216374269,0.0,0.01086048454469507
brick,436.860603015043,0.9289972138291563,0.07148623599913585,0.22736328913494513,0.40238365493757094,0.29417328793038217,0.0,0.12164207340143776,0.0,0.00662126371547484,0.0,0.06394248959515701,0.0,0.016836927733636018,0.0,0.00681044267877412,0.0,0.007945516458569807,0.0,0.058456299659477864,0.0,0.0073779795686719635,0.0,0.006242905788876277,0.0,0.00018917896329928113,0.0,0.003216042376087779,0.0,0.004161937192584185
brick,201.14889447235123,0.9768786135572488,0.4679579649424604,0.5558014311709588,0.4210896309314587,0.27311072056239016,0.0,0.1282952548330404,0.0,0.00773286467486819,0.0,0.07205623901581722,0.0,0.017926186291739893,0.0,0.005975395430579965,0.0,0.007029876977152899,0.0,0.04147627416520211,0.0,0.006678383128295255,0.0,0.00562390158172232,0.0,0.0,0.0,0.005272407732864675,0.0,0.00773286467486819
brick,801.9517085425882,0.8488142469966689,0.01094471323559408,0.09113871505208847,0.3802675585284281,0.2471571906354515,0.0,0.15635451505016723,0.0,0.006688963210702341,0.0,0.08879598662207358,0.0,0.011204013377926422,0.0,0.007357859531772575,0.0,0.0070234113712374585,0.0,0.07190635451505016,0.0,0.007859531772575251,0.0,0.006354515050167224,0.0,0.0005016722408026755,0.0,0.0038461538461538464,0.0,0.0046822742474916385
brick,261.10351758792626,0.9539349561625796,0.5117035736356678,0.5687592530231693,0.4114452798663325,0.2573099415204678,0.0,0.14160401002506265,0.0,0.011278195488721804,0.0,0.07560568086883876,0.0,0.015455304928989139,0.0,0.005430242272347535,0.0,0.007101086048454469,0.0,0.04928989139515455,0.0,0.008771929824561403,0.0,0.005847953216374269,0.0,0.000835421888053467,0.0,0.004594820384294068,0.0,0.005430242272347535
brick,269.32849246230285,0.9615585621564396,0.6927430934683623,0.7259263870109756,0.4278728606356968,0.2982885085574572,0.0,0.09902200488997555,0.0,0.013447432762836185,0.0,0.04767726161369193,0.0,0.029339853300733496,0.0,0.004278728606356968,0.0,0.007334963325183374,0.0,0.03606356968215159,0.0,0.013447432762836185,0.0,0.007334963325183374,0.0,0.0006112469437652812,0.0,0.006723716381418093,0.0,0.008557457212713936
brick,64.93429648241161,0.9186352547512172,0.03680805905345357,0.24235541587014298,0.4006698395910453,0.27340031729243786,0.0,0.1235677771901992,0.0,0.008108584523179975,0.0,0.07262471355543804,0.0,0.017451084082496033,0.0,0.006169575180680416,0.0,0.008813678829543451,0.0,0.06169575180680416,0.0,0.007579763793407368,0.0,0.008989952406134321,0.0,0.00035254715318173806,0.0,0.004230565838180857,0.0,0.006345848757271285
brick,367.9113065326267,0.9194181389233882,0.014514036085937317,0.14675499529842453,0.37932971353679085,0.23797041752480808,0.0,0.14472945141359295,0.0,0.007863695937090432,0.0,0.10503651001685077,0.0,0.010110466204830556,0.0,0.006740310803220371,0.0,0.00599138738064033,0.0,0.07882419022654934,0.0,0.00599138738064033,0.0,0.00617861823628534,0.0,0.0,0.0,0.004306309679835237,0.0,0.006927541658865381
brick,182.43105527637815,0.9722533732672067,0.5143122079375941,0.5617820758716029,0.4411562284927736,0.2997247075017206,0.0,0.10323468685478321,0.0,0.012388162422573986,0.0,0.038196834136269786,0.0,0.02718513420509291,0.0,0.0055058499655884375,0.0,0.0041293874741913286,0.0,0.030282174810736407,0.0,0.014452856159669649,0.0,0.01032346868547832,0.0,0.0006882312456985547,0.0,0.0041293874741913286,0.0,0.008602890571231933
brick,223.5396984924589,0.7075936452515922,0.03270828466242813,0.15426054944410894,0.4488705738705739,0.2632783882783883,0.0,0.10286935286935286,0.0,0.009768009768009768,0.0,0.059065934065934064,0.0,0.018925518925518924,0.0,0.0086996336996337,0.0,0.00992063492063492,0.0,0.049145299145299144,0.0,0.0086996336996337,0.0,0.007326007326007326,0.0,0.0009157509157509158,0.0,0.004426129426129426,0.0,0.00808913308913309
brick,256.8436683417028,0.7331251150941362,0.019037691924051196,0.09560849178690019,0.43841642228739003,0.26407624633431087,0.0,0.11070381231671554,0.0,0.009237536656891495,0.0,0.06392961876832845,0.0,0.017302052785923755,0.0,0.00967741935483871,0.0,0.007624633431085044,0.0,0.04868035190615836,0.0,0.010557184750733138,0.0,0.0064516129032258064,0.0,0.0005865102639296188,0.0,0.005278592375366569,0.0,0.007478005865102639
brick,56.38620603015008,0.927179999240199,0.037911987783636365,0.23161656156992863,0.38558126410835214,0.26678893905191875,0.0,0.146303611738149,0.0,0.007759593679458239,0.0,0.08775395033860045,0.0,0.012415349887133182,0.0,0.006066591422121896,0.0,0.006207674943566591,0.0,0.060806997742663654,0.0,0.005925507900677201,0.0,0.005079006772009029,0.0,0.0002821670428893905,0.0,0.0031038374717832955,0.0,0.005925507900677201
brick,296.8195226130551,0.8495667058792774,0.017079061406493744,0.09137616866837657,0.4636722050126725,0.31948746831878344,0.0,0.09067868206139115,0.0,0.009715573078006195,0.0,0.03717262742889327,0.0,0.019712756969867642,0.0,0.006899464939453675,0.0,0.005773021684032667,0.0,0.020135173190650522,0.0,0.011405237961137708,0.0,0.006336243311743171,0.0,0.00042241622078287804,0.0,0.0028161081385525205,0.0,0.005773021684032667
brick,248.4539447236138,0.7154798141728432,0.025586224219811857,0.11472634602286139,0.4584641735655153,0.2894661718526977,0.0,0.0959177847559235,0.0,0.01284613188695404,0.0,0.04695974878675421,0.0,0.02469312018270054,0.0,0.0077076791321724234,0.0,0.006565800742220953,0.0,0.029688838138738224,0.0,0.008992292320867828,0.0,0.006851270339708821,0.0,0.0008564087924636027,0.0,0.003996574364830145,0.0,0.006994005138452755
brick,1714.019999999712,0.7000505709395075,0.011357728870722839,0.07737280587636507,0.4176623376623377,0.2435064935064935,0.0,0.13688311688311688,0.0,0.008571428571428572,0.0,0.08116883116883117,0.0,0.01,0.0,0.005324675324675325,0.0,0.005584415584415584,0.0,0.06727272727272728,0.0,0.006623376623376623,0.0,0.006883116883116883,0.0,0.0005194805194805195,0.0,0.004025974025974026,0.0,0.0059740259740259745
brick,150.89801507537345,0.8466126161075436,0.03819921062577059,0.1951836309053687,0.42353712506146535,0.2522537288969022,0.0,0.11735781019505,0.0,0.01049008359285363,0.0,0.07031634158334699,0.0,0.019996721848877234,0.0,0.007703655138501885,0.0,0.008523192919193574,0.0,0.060973610883461725,0.0,0.007375840026225209,0.0,0.007211932470086871,0.0,0.0013112604491067037,0.0,0.003933781347320112,0.0,0.009014915587608589
brick,101.75216080401994,0.8816925618810764,0.03754184638566233,0.2109990859811438,0.41937716262975777,0.2577854671280277,0.0,0.12923875432525953,0.0,0.011764705882352941,0.0,0.06833910034602077,0.0,0.017820069204152248,0.0,0.008477508650519031,0.0,0.008131487889273356,0.0,0.05346020761245675,0.0,0.00657439446366782,0.0,0.006920415224913495,0.0,0.00034602076124567473,0.0,0.004498269896193772,0.0,0.00726643598615917
brick,200.06844221105058,0.7831625539024537,0.019618562839274583,0.10678750751343773,0.4135182998819362,0.24483471074380164,0.0,0.14020070838252657,0.0,0.009149940968122786,0.0,0.08485832349468714,0.0,0.014020070838252656,0.0,0.006345926800472255,0.0,0.006345926800472255,0.0,0.057113341204250295,0.0,0.008412042502951593,0.0,0.005755608028335301,0.0,0.00029515938606847696,0.0,0.002804014167650531,0.0,0.006345926800472255
brick,332.56331658290253,0.8526509810074627,0.017952933830867344,0.09776019633628963,0.45675043834015194,0.3001168907071888,0.0,0.0989187609585038,0.0,0.012565751022793687,0.0,0.040473407364114554,0.0,0.026446522501461133,0.0,0.0056984219754529514,0.0,0.0056984219754529514,0.0,0.02396259497369959,0.0,0.011835184102863822,0.0,0.007597895967270602,0.0,0.0008766803039158387,0.0,0.0032144944476914087,0.0,0.0058445353594389245
brick,68.00874371859246,0.8931187054060454,0.03509333459183412,0.20255048178447455,0.4169397116644823,0.28440366972477066,0.0,0.12270642201834862,0.0,0.007208387942332897,0.0,0.06028833551769332,0.0,0.019823066841415465,0.0,0.006880733944954129,0.0,0.006880733944954129,0.0,0.045871559633027525,0.0,0.007536041939711665,0.0,0.009174311926605505,0.0,0.000491480996068152,0.0,0.0036041939711664484,0.0,0.0081913499344692
brick,67.49999999999903,0.9104274478993527,0.03362927588066148,0.22072301221138127,0.38644403565869534,0.2712607895853969,0.0,0.1495684165841234,0.0,0.010329701429177869,0.0,0.08433564454506863,0.0,0.010329701429177869,0.0,0.006650629687278902,0.0,0.004669591057025612,0.0,0.05377104853544644,0.0,0.00594311589075987,0.0,0.00594311589075987,0.0,0.0002830055186076129,0.0,0.003679071741898967,0.0,0.0067921324465827085
brick,69.1125376884416,0.8995420423416165,0.036606281192327214,0.21376654369436035,0.4042207792207792,0.2715466351829988,0.0,0.13178866587957497,0.0,0.00870720188902007,0.0,0.07703659976387249,0.0,0.014462809917355372,0.0,0.00487012987012987,0.0,0.007378984651711925,0.0,0.05563754427390791,0.0,0.006936245572609209,0.0,0.006198347107438017,0.0,0.00029515938606847696,0.0,0.004279811097992916,0.0,0.006641086186540732
brick,57.47645728643171,0.9266371943539566,0.037534148151619366,0.2345980595881092,0.38430926662876636,0.2767197271176805,0.0,0.1372939169982945,0.0,0.010517339397384877,0.0,0.08683911313246162,0.0,0.011085844229675953,0.0,0.005542922114837976,0.0,0.007816941444002273,0.0,0.05869812393405344,0.0,0.004690164866401364,0.0,0.004974417282546902,0.0,0.0005685048322910744,0.0,0.0034110289937464467,0.0,0.007532689027856736
brick,67.42030150753718,0.9010314586708533,0.03698334570313337,0.2164614092331578,0.3973108747044917,0.2848699763593381,0.0,0.12278368794326242,0.0,0.00960401891252955,0.0,0.07106973995271867,0.0,0.01965130023640662,0.0,0.007387706855791962,0.0,0.009456264775413711,0.0,0.05304373522458629,0.0,0.007387706855791962,0.0,0.006944444444444444,0.0,0.0004432624113475177,0.0,0.0035460992907801418,0.0,0.0065011820330969266
brick,85.52851758793916,0.8974308753177734,0.04395783037458842,0.2330954562821561,0.4153212520593081,0.26507413509060956,0.0,0.12059308072487644,0.0,0.007248764415156508,0.0,0.07166392092257001,0.0,0.018121911037891267,0.0,0.008896210873146623,0.0,0.007413509060955519,0.0,0.05683690280065898,0.0,0.008731466227347611,0.0,0.008731466227347611,0.0,0.0004942339373970346,0.0,0.004118616144975288,0.0,0.0067545304777594725
brick,64.46062814070241,0.9286764224918336,0.03209902986839206,0.23862154363385196,0.38310756972111554,0.2710756972111554,0.0,0.1443824701195219,0.0,0.008127490039840637,0.0,0.08254980079681275,0.0,0.016414342629482073,0.0,0.008127490039840637,0.0,0.006374501992031873,0.0,0.0548207171314741,0.0,0.007330677290836653,0.0,0.005418326693227091,0.0,0.0007968127490039841,0.0,0.004143426294820717,0.0,0.007330677290836653
brick,145.03937185929445,0.9839334339256888,0.5781919237889895,0.6663554083993398,0.4282973621103118,0.26235011990407675,0.0,0.1405275779376499,0.0,0.007673860911270983,0.0,0.06810551558752997,0.0,0.013908872901678656,0.0,0.009112709832134292,0.0,0.00671462829736211,0.0,0.039328537170263786,0.0,0.007673860911270983,0.0,0.005275779376498801,0.0,0.0,0.0,0.0057553956834532375,0.0,0.005275779376498801
brick,847.8207286431162,0.7603082268446799,0.012525572942016042,0.08701323158551447,0.4055279321439017,0.2598713073998245,0.0,0.13615092132202397,0.0,0.009944428195378765,0.0,0.07911670078970459,0.0,0.015647850248610706,0.0,0.007019596373208541,0.0,0.008920737057619187,0.0,0.050599590523544895,0.0,0.007165837964317052,0.0,0.006288388417665984,0.0,0.000584966364434045,0.0,0.005118455688797894,0.0,0.00804328751096812
brick,434.3389698491951,0.7227419185953028,0.016583866273891787,0.0912935676829853,0.4233576642335766,0.24656934306569342,0.0,0.1375182481751825,0.0,0.007883211678832117,0.0,0.08145985401459854,0.0,0.016496350364963504,0.0,0.005985401459854015,0.0,0.006715328467153284,0.0,0.04948905109489051,0.0,0.007883211678832117,0.0,0.0072992700729927005,0.0,0.00014598540145985403,0.0,0.0035036496350364962,0.0,0.005693430656934307
brick,449.5787939697909,0.9432108030084192,0.012390858338687317,0.12786649444972412,0.3914053426248548,0.2525302804048449,0.0,0.14899618383938942,0.0,0.0073004811680769865,0.0,0.08511697361871579,0.0,0.014269122283059566,0.0,0.006968641114982578,0.0,0.006802721088435374,0.0,0.06321553011448482,0.0,0.006470881035340966,0.0,0.006470881035340966,0.0,0.0003318400530944085,0.0,0.0036502405840384933,0.0,0.006470881035340966
brick,90.6903015075367,0.9104322233528598,0.03974708002413711,0.19725933912886806,0.4174586927913438,0.3017985085538821,0.0,0.11668372569089049,0.0,0.010381634741921334,0.0,0.05907296388360871,0.0,0.017985085538821464,0.0,0.005702588097675099,0.0,0.005702588097675099,0.0,0.04094165813715456,0.0,0.005556367890042404,0.0,0.007603450796900131,0.0,0.0004386606228980845,0.0,0.00424038602134815,0.0,0.006433689135838573
brick,74.46206030150692,0.8796758435930147,0.03349965240784858,0.18174386117357702,0.4153771760154739,0.2759509993552547,0.0,0.12282398452611218,0.0,0.008059316569954868,0.0,0.06528046421663443,0.0,0.02192134107027724,0.0,0.008059316569954868,0.0,0.006931012250161186,0.0,0.047872340425531915,0.0,0.008865248226950355,0.0,0.007736943907156673,0.0,0.0011283043197936814,0.0,0.003223726627981947,0.0,0.006769825918762089
brick,233.70766331657268,0.9835663944906106,0.30156660748837005,0.42590810263683254,0.43846348243618904,0.27925195855446044,0.0,0.12054586808188021,0.0,0.008086934546373515,0.0,0.060652009097801364,0.0,0.017942886024766236,0.0,0.006065200909780136,0.0,0.006317917614354309,0.0,0.03411675511751327,0.0,0.0075815011372251705,0.0,0.00859236795552186,0.0,0.0,0.0,0.00530705079605762,0.0,0.0070760677280768255
brick,476.0572110552464,0.7438019673291916,0.01834146761044928,0.09951478063493747,0.4330768070016599,0.2978723404255319,0.0,0.10608118303908254,0.0,0.00935566621397314,0.0,0.05719028217896484,0.0,0.01871133242794628,0.0,0.005885015844273427,0.0,0.007544892108042855,0.0,0.035008299381318844,0.0,0.01041195110909914,0.0,0.008752074845329711,0.0,0.0004526935264825713,0.0,0.0028670590010562848,0.0,0.006790402897238569
brick,94.52015075376744,0.8352173188445383,0.028666574492234385,0.1639429148367017,0.4320733828878697,0.2668037324055037,0.0,0.11829827613474617,0.0,0.009647319310453898,0.0,0.0607306658231852,0.0,0.01992724972323264,0.0,0.006642416574410881,0.0,0.007116874901154515,0.0,0.048394749327850706,0.0,0.008382097105804207,0.0,0.008223944330222995,0.0,0.00047445832674363435,0.0,0.004428277716273921,0.0,0.008856555432547842
brick,259.7922110552558,0.9782301726333296,0.5643482902447448,0.6040331237142702,0.4104912572855953,0.2119067443796836,0.0,0.14196502914238135,0.0,0.0062447960033305576,0.0,0.09450457951706911,0.0,0.012905911740216486,0.0,0.0062447960033305576,0.0,0.005412156536219817,0.0,0.08326394671107411,0.0,0.0062447960033305576,0.0,0.00832639467110741,0.0,0.0,0.0,0.006661115736885929,0.0,0.005828476269775187
brick,2613.977512562421,0.45156309601956457,0.01105137836715549,0.04644246196789451,0.46573501746842244,0.29078204783660305,0.0,0.09795753829615694,0.0,0.010615425960763236,0.0,0.04071486159634507,0.0,0.024052674012362267,0.0,0.00806234883095942,0.0,0.00792797635044343,0.0,0.02459016393442623,0.0,0.010884170921795217,0.0,0.00859983875302338,0.0,0.0008062348830959419,0.0,0.003628056973931739,0.0,0.005643644181671593
brick,700.0082160803207,0.6829461609135443,0.01190193870958794,0.0646565191784318,0.41365265558813946,0.3149234278266536,0.0,0.12381883349625285,0.0,0.0061909416748126425,0.0,0.06076898012381883,0.0,0.010915607689801238,0.0,0.0060280221570544155,0.0,0.003747148908439231,0.0,0.039263603779732814,0.0,0.00635386119257087,0.0,0.006842619745845552,0.0,0.00032583903551645487,0.0,0.002280873248615184,0.0,0.004887585532746823
brick,935.1084422109341,0.7175329636430277,0.01347682576522246,0.07598521784506043,0.4252565818830879,0.2555406812434925,0.0,0.13119143239625167,0.0,0.00907333035847092,0.0,0.07541276215975011,0.0,0.013535623977391045,0.0,0.0069909266696415295,0.0,0.0069909266696415295,0.0,0.05116763349695077,0.0,0.007734642272794883,0.0,0.004759779860181466,0.0,0.000892458723784025,0.0,0.0050572661014428085,0.0,0.006395954187118846
brick,163.79708542713337,0.7967947886422747,0.0319426489176817,0.15184141483422386,0.43421686746987953,0.26024096385542167,0.0,0.10795180722891566,0.0,0.011244979919678716,0.0,0.061847389558232935,0.0,0.026345381526104418,0.0,0.005622489959839358,0.0,0.008995983935742972,0.0,0.049477911646586346,0.0,0.011405622489959839,0.0,0.008674698795180723,0.0,0.000321285140562249,0.0,0.005783132530120482,0.0,0.0078714859437751
brick,82.24939698492408,0.8866291112848401,0.038872858803238965,0.2235741154419571,0.4011481880157876,0.26031575170434157,0.0,0.1322210261930391,0.0,0.01022604951560818,0.0,0.07534983853606028,0.0,0.014172945819878005,0.0,0.007534983853606028,0.0,0.00897021887334051,0.0,0.059203444564047365,0.0,0.007714388231072838,0.0,0.008611410118406888,0.0,0.0003588087549336204,0.0,0.005382131324004306,0.0,0.008790814495873699
brick,109.07165829145293,0.9901970274789775,0.5037742875556276,0.5959027081478185,0.4149155335805521,0.2669962917181706,0.0,0.11578079934074989,0.0,0.008240626287597858,0.0,0.06716110424392253,0.0,0.021837659662134322,0.0,0.010300782859497322,0.0,0.005356407086938607,0.0,0.05562422744128554,0.0,0.012360939431396786,0.0,0.00865265760197775,0.0,0.0012360939431396785,0.0,0.005356407086938607,0.0,0.006180469715698393
brick,127.2237185929648,0.9802699702694674,0.81709255511085,0.854986989612637,0.42727272727272725,0.2779220779220779,0.0,0.11688311688311688,0.0,0.01038961038961039,0.0,0.05974025974025974,0.0,0.024675324675324677,0.0,0.01038961038961039,0.0,0.00909090909090909,0.0,0.04155844155844156,0.0,0.01038961038961039,0.0,0.0012987012987012987,0.0,0.0012987012987012987,0.0,0.0025974025974025974,0.0,0.006493506493506494
brick,273.96020100501465,0.9677444840945927,0.49144802030600804,0.5417913890591358,0.4548919949174079,0.28589580686149935,0.0,0.11753494282083862,0.0,0.007306226175349428,0.0,0.05146124523506988,0.0,0.014294790343074968,0.0,0.004764930114358323,0.0,0.004129606099110546,0.0,0.030813214739517154,0.0,0.009847522236340533,0.0,0.005717916137229987,0.0,0.0009529860228716646,0.0,0.0044472681067344345,0.0,0.007941550190597205
brick,408.30185929644307,0.9549546746056942,0.3556963904245216,0.43051404503457247,0.4269886363636364,0.2806818181818182,0.0,0.12471590909090909,0.0,0.011647727272727273,0.0,0.05795454545454545,0.0,0.014488636363636363,0.0,0.006534090909090909,0.0,0.006818181818181818,0.0,0.04261363636363636,0.0,0.010511363636363636,0.0,0.00625,0.0,0.0008522727272727272,0.0,0.003977272727272727,0.0,0.005965909090909091
wood,39.93562814070072,0.9914256910743896,0.7050929514880139,0.7542933063546314,0.3514376996805112,0.13338658146964857,0.0,0.1509584664536741,0.0,0.0,0.0,0.18929712460063897,0.0,0.0,0.0,0.0,0.0,0.0,0.0,0.1733226837060703,0.0,0.0,0.0,0.001597444089456869,0.0,0.0,0.0,0.0,0.0,0.0
wood,0.8971356783919581,0.9928895166964504,0.10852099837453028,0.6985772527797331,0.21354764638346727,0.09873708381171067,0.0,0.19115958668197475,0.0,0.001722158438576349,0.0,0.20780711825487944,0.0,0.000574052812858783,0.0,0.000574052812858783,0.0,0.000574052812858783,0.0,0.2766934557979334,0.0,0.001722158438576349,0.0,0.0028702640642939152,0.0,0.000574052812858783,0.0,0.001722158438576349,0.0,0.001722158438576349
wood,0.6913065326633168,0.9672043384738954,0.20947480142491898,0.7635953295891219,0.18375634517766498,0.14923857868020304,0.0,0.24213197969543146,0.0,0.003045685279187817,0.0,0.23857868020304568,0.0,0.0005076142131979696,0.0,0.0010152284263959391,0.0,0.0010152284263959391,0.0,0.1730964467005076,0.0,0.003045685279187817,0.0,0.0015228426395939086,0.0,0.0,0.0,0.0010152284263959391,0.0,0.0020304568527918783
wood,3.8767587939698367,0.9774040011348216,0.07068000416177378,0.4807711954608485,0.22845206684256816,0.13016710642040458,0.0,0.22295514511873352,0.0,0.0006596306068601583,0.0,0.23834652594547054,0.0,0.00043975373790677223,0.0,0.00021987686895338611,0.0,0.0008795074758135445,0.0,0.17546174142480211,0.0,0.00043975373790677223,0.0,0.0,0.0,0.0,0.0,0.0013192612137203166,0.0,0.0006596306068601583
wood,3.4836432160804,0.9785612571504485,0.07114061939273959,0.49831661665303445,0.11978938130759105,0.1737604212373848,0.0,0.23343571741992103,0.0,0.002193944712593243,0.0,0.2773146116717859,0.0,0.00043878894251864854,0.0,0.0008775778850372971,0.0,0.0008775778850372971,0.0,0.18604651162790697,0.0,0.00043878894251864854,0.0,0.0008775778850372971,0.0,0.0,0.0,0.002193944712593243,0.0,0.0017551557700745941
wood,0.6090703517587941,0.9942131626034623,0.12262493892793433,0.7585934082175577,0.23092209856915738,0.09896661367249603,0.0,0.1740858505564388,0.0,0.003179650238473768,0.0,0.2480127186009539,0.0,0.0,0.0,0.0,0.0,0.000397456279809221,0.0,0.2384737678855326,0.0,0.000397456279809221,0.0,0.0023847376788553257,0.0,0.0,0.0,0.001589825119236884,0.0,0.001589825119236884
wood,4.2839195979898665,0.9887967533082264,0.0748106516997208,0.5165834798166199,0.16425291416460613,0.14482515012363123,0.0,0.2681031437654539,0.0,0.00035323207347227127,0.0,0.23807841752031084,0.0,0.00035323207347227127,0.0,0.0010596962204168139,0.0,0.0007064641469445425,0.0,0.17802896503002472,0.0,0.0010596962204168139,0.0,0.0021193924408336277,0.0,0.00035323207347227127,0.0,0.00035323207347227127,0.0,0.00035323207347227127
wood,0.7102763819095479,0.972010779404822,0.22765150215665372,0.805439308763528,0.1835637480798771,0.11136712749615975,0.0,0.2350230414746544,0.0,0.0038402457757296467,0.0,0.2695852534562212,0.0,0.0015360983102918587,0.0,0.0015360983102918587,0.0,0.0015360983102918587,0.0,0.18509984639016897,0.0,0.002304147465437788,0.0,0.0007680491551459293,0.0,0.0007680491551459293,0.0,0.0015360983102918587,0.0,0.0015360983102918587
wood,2.1523366834170825,0.9866129405785383,0.08017245417551479,0.5656936381184382,0.3578456758156396,0.10046607975142413,0.0,0.13956499223200414,0.0,0.001294665976178146,0.0,0.18928016571724496,0.0,0.0005178663904712584,0.0,0.0005178663904712584,0.0,0.0010357327809425167,0.0,0.20611082340756084,0.0,0.0007767995857068876,0.0,0.0010357327809425167,0.0,0.0,0.0,0.0010357327809425167,0.0,0.0005178663904712584
wood,2.4324623115577877,0.9896342539526947,0.1200459483233221,0.6738274399966443,0.17714884696016772,0.14570230607966456,0.0,0.23637316561844865,0.0,0.003668763102725367,0.0,0.24633123689727462,0.0,0.0010482180293501049,0.0,0.0005241090146750524,0.0,0.0,0.0,0.18134171907756813,0.0,0.0020964360587002098,0.0,0.0010482180293501049,0.0,0.0005241090146750524,0.0,0.0031446540880503146,0.0,0.0010482180293501049
wood,0.4757537688442209,0.996636143797699,0.13334897688062783,0.7977311557788939,0.12832764505119454,0.10955631399317406,0.0,0.22696245733788395,0.0,0.0013651877133105802,0.0,0.289419795221843,0.0,0.0,0.0,0.00034129692832764505,0.0,0.00034129692832764505,0.0,0.24061433447098976,0.0,0.00034129692832764505,0.0,0.00034129692832764505,0.0,0.0,0.0,0.0010238907849829352,0.0,0.0013651877133105802
wood,1.8853517587939566,0.9609615172467144,0.13055738775220385,0.6240445410902933,0.23836317135549873,0.1248081841432225,0.0,0.18823529411764706,0.0,0.0017902813299232737,0.0,0.23682864450127877,0.0,0.0007672634271099745,0.0,0.0007672634271099745,0.0,0.0017902813299232737,0.0,0.2030690537084399,0.0,0.0010230179028132991,0.0,0.0007672634271099745,0.0,0.0,0.0,0.0010230179028132991,0.0,0.0007672634271099745
wood,5.731934673366791,0.9903244245523742,0.05572147209526409,0.4507652400120821,0.17609162491052255,0.1800286327845383,0.0,0.22333571939871152,0.0,0.0007158196134574087,0.0,0.24337866857551896,0.0,0.00035790980672870435,0.0,0.00035790980672870435,0.0,0.00035790980672870435,0.0,0.1717967072297781,0.0,0.0007158196134574087,0.0,0.0010737294201861132,0.0,0.0,0.0,0.0007158196134574087,0.0,0.0010737294201861132
wood,0.9748241206030157,0.9853444351111615,0.12749386079648856,0.6868700485428226,0.1636466591166478,0.11041902604756512,0.0,0.22989807474518686,0.0,0.0033975084937712344,0.0,0.25254813137032844,0.0,0.0005662514156285391,0.0,0.0011325028312570782,0.0,0.0005662514156285391,0.0,0.232163080407701,0.0,0.0011325028312570782,0.0,0.0005662514156285391,0.0,0.0,0.0,0.0028312570781426952,0.0,0.0011325028312570782
wood,0.7470603015075374,0.9572710738456006,0.18273859587360866,0.7243250073898905,0.16789587852494578,0.11713665943600868,0.0,0.18308026030368763,0.0,0.003036876355748373,0.0,0.3158351409978308,0.0,0.0,0.0,0.0004338394793926247,0.0,0.0,0.0,0.20650759219088938,0.0,0.0008676789587852494,0.0,0.0013015184381778742,0.0,0.0,0.0,0.0026030368763557484,0.0,0.0013015184381778742
wood,1.1175628140703524,0.9880818966675797,0.1505169853193469,0.7004477883102911,0.2556131260794473,0.13022452504317789,0.0,0.16338514680483593,0.0,0.0034542314335060447,0.0,0.22521588946459412,0.0,0.0024179620034542313,0.0,0.0010362694300518134,0.0,0.000690846286701209,0.0,0.20449050086355786,0.0,0.0037996545768566492,0.0,0.002763385146804836,0.0,0.0003454231433506045,0.0,0.004835924006908463,0.0,0.0017271157167530224
wood,2.3774371859296486,0.9678376857803487,0.09353404944778577,0.5384168725491217,0.20759368836291914,0.12130177514792899,0.0,0.1989644970414201,0.0,0.0004930966469428008,0.0,0.26429980276134124,0.0,0.0,0.0,0.0002465483234714004,0.0,0.0007396449704142012,0.0,0.20414201183431951,0.0,0.0004930966469428008,0.0,0.0002465483234714004,0.0,0.0,0.0,0.0007396449704142012,0.0,0.0007396449704142012
wood,0.9213316582914571,0.9491518987128681,0.17939570312591918,0.7036329952932088,0.18832565284178188,0.1434715821812596,0.0,0.19815668202764977,0.0,0.002457757296466974,0.0,0.2543778801843318,0.0,0.00030721966205837174,0.0,0.0006144393241167435,0.0,0.00030721966205837174,0.0,0.20798771121351767,0.0,0.001228878648233487,0.0,0.0009216589861751152,0.0,0.0,0.0,0.0015360983102918587,0.0,0.00030721966205837174
wood,2.214849246231155,0.988317956354892,0.07749341691987471,0.5388089682237773,0.20470491126702434,0.11638464713165497,0.0,0.15105241436236072,0.0,0.0012381345439537762,0.0,0.27073875361122574,0.0,0.0004127115146512588,0.0,0.0004127115146512588,0.0,0.0008254230293025176,0.0,0.24762690879075527,0.0,0.0020635575732562937,0.0,0.0020635575732562937,0.0,0.0004127115146512588,0.0,0.0012381345439537762,0.0,0.0008254230293025176
wood,2.3013567839195983,0.9730580805578056,0.10258022572371121,0.5425049856104543,0.1887240356083086,0.12997032640949555,0.0,0.1943620178041543,0.0,0.0020771513353115725,0.0,0.26112759643916916,0.0,0.0002967359050445104,0.0,0.0005934718100890207,0.0,0.0008902077151335311,0.0,0.2198813056379822,0.0,0.0008902077151335311,0.0,0.0002967359050445104,0.0,0.0,0.0,0.0002967359050445104,0.0,0.0005934718100890207
wood,12.169422110552764,0.9535847184138905,0.05061894999936182,0.32026549438428586,0.12761647535449022,0.2771775827143822,0.0,0.2349763673193788,0.0,0.001012829169480081,0.0,0.23160027008777853,0.0,0.0006752194463200541,0.0,0.001012829169480081,0.0,0.00033760972316002703,0.0,0.12390276839972991,0.0,0.00033760972316002703,0.0,0.00033760972316002703,0.0,0.0,0.0,0.0006752194463200541,0.0,0.00033760972316002703
wood,10.488467336683396,0.9690073976936848,0.05186002078688607,0.36597627590325843,0.16101694915254236,0.20527306967984935,0.0,0.2231638418079096,0.0,0.0009416195856873823,0.0,0.23116760828625235,0.0,0.0009416195856873823,0.0,0.00047080979284369113,0.0,0.00047080979284369113,0.0,0.1751412429378531,0.0,0.0009416195856873823,0.0,0.0,0.0,0.0,0.0,0.0,0.0,0.00047080979284369113
wood,4.4742713567839,0.9606451506822808,0.07491717226331893,0.4701927363163599,0.31674107142857144,0.1234375,0.0,0.18303571428571427,0.0,0.0011160714285714285,0.0,0.19888392857142856,0.0,0.0004464285714285714,0.0,0.0011160714285714285,0.0,0.0004464285714285714,0.0,0.17008928571428572,0.0,0.0004464285714285714,0.0,0.0017857142857142857,0.0,0.0,0.0,0.0015625,0.0,0.0008928571428571428
wood,2.051532663316579,0.9841339652290781,0.09236827477218168,0.5950139036859479,0.30288166768853464,0.12691600245248313,0.0,0.15389331698344574,0.0,0.001226241569589209,0.0,0.21091354996934397,0.0,0.001226241569589209,0.0,0.001226241569589209,0.0,0.002452483139178418,0.0,0.19313304721030042,0.0,0.0006131207847946045,0.0,0.0015328019619865114,0.0,0.0,0.0,0.003372164316370325,0.0,0.0006131207847946045
wood,1.3044974874371877,0.9772340953487875,0.12411320116069852,0.6381394415516497,0.16637478108581435,0.1702276707530648,0.0,0.2714535901926445,0.0,0.0035026269702276708,0.0,0.24168126094570927,0.0,0.0003502626970227671,0.0,0.0007005253940455342,0.0,0.0007005253940455342,0.0,0.14290718038528896,0.0,0.0003502626970227671,0.0,0.0007005253940455342,0.0,0.0,0.0,0.0007005253940455342,0.0,0.0003502626970227671
wood,0.2962562814070352,0.9861149539120034,0.22421639794233314,0.8584748743718589,0.1877309682187731,0.12269031781226904,0.0,0.2269031781226903,0.0,0.004434589800443459,0.0,0.24316334072431633,0.0,0.0029563932002956393,0.0,0.0007390983000739098,0.0,0.003695491500369549,0.0,0.20029563932002956,0.0,0.0007390983000739098,0.0,0.0014781966001478197,0.0,0.0,0.0,0.003695491500369549,0.0,0.0014781966001478197
wood,0.9815577889447232,0.9817675523748144,0.13049478453442917,0.6904976693421849,0.24155934563174383,0.0991994430908458,0.0,0.1555864949530108,0.0,0.001740341106856944,0.0,0.25826662025757047,0.0,0.0006961364427427776,0.0,0.0006961364427427776,0.0,0.0006961364427427776,0.0,0.23529411764705882,0.0,0.0013922728854855553,0.0,0.001740341106856944,0.0,0.0,0.0,0.001740341106856944,0.0,0.0013922728854855553
wood,3.4476381909547773,0.9809226844007551,0.07318645004914626,0.4865162077310133,0.26908396946564883,0.10714285714285714,0.0,0.17884405670665213,0.0,0.0013631406761177754,0.0,0.22846237731733915,0.0,0.0008178844056706652,0.0,0.0008178844056706652,0.0,0.0010905125408942203,0.0,0.2093784078516903,0.0,0.0002726281352235551,0.0,0.0010905125408942203,0.0,0.0002726281352235551,0.0,0.0008178844056706652,0.0,0.0005452562704471102
wood,0.47288944723618087,0.9715575282511201,0.21710531080421408,0.7953341708542713,0.15796019900497513,0.1287313432835821,0.0,0.20522388059701493,0.0,0.0037313432835820895,0.0,0.291044776119403,0.0,0.0,0.0,0.0,0.0,0.0018656716417910447,0.0,0.2027363184079602,0.0,0.0018656716417910447,0.0,0.0012437810945273632,0.0,0.0006218905472636816,0.0,0.0037313432835820895,0.0,0.0012437810945273632
wood,1.5703517587939637,0.9911132927684381,0.10470832940415915,0.6497176338446289,0.2844284428442844,0.10801080108010801,0.0,0.1638163816381638,0.0,0.0022502250225022503,0.0,0.22142214221422143,0.0,0.0018001800180018,0.0,0.00045004500450045,0.0,0.004500450045004501,0.0,0.20342034203420342,0.0,0.0,0.0,0.0031503150315031502,0.0,0.0,0.0,0.0036003600360036,0.0,0.0031503150315031502
wood,6.088391959798986,0.9714289490905151,0.06527680018511949,0.43489300464898617,0.21724038183396008,0.18108186288689615,0.0,0.23430720277697425,0.0,0.0011570726063060456,0.0,0.21550477292450101,0.0,0.0,0.0,0.0002892681515765114,0.0,0.0005785363031530228,0.0,0.1469482210008678,0.0,0.0011570726063060456,0.0,0.0002892681515765114,0.0,0.0,0.0,0.0011570726063060456,0.0,0.0002892681515765114
wood,3.521331658291439,0.9914100446234458,0.06221965483138884,0.509067751057706,0.31993006993006995,0.10514485514485515,0.0,0.16433566433566432,0.0,0.00024975024975024975,0.0,0.2062937062937063,0.0,0.0004995004995004995,0.0,0.0007492507492507493,0.0,0.0,0.0,0.1998001998001998,0.0,0.00024975024975024975,0.0,0.0004995004995004995,0.0,0.0,0.0,0.0014985014985014985,0.0,0.0007492507492507493
wood,1.3027135678391952,0.9658281790253305,0.13416341753805228,0.6394951226721848,0.24335188620902906,0.12832405689548546,0.0,0.20377241805813234,0.0,0.0015460729746444033,0.0,0.22294372294372294,0.0,0.0009276437847866419,0.0,0.0006184291898577613,0.0,0.0015460729746444033,0.0,0.1901669758812616,0.0,0.0012368583797155227,0.0,0.0015460729746444033,0.0,0.0,0.0,0.0027829313543599257,0.0,0.0012368583797155227
wood,1.6943718592964812,0.9970965446158848,0.0753162633114791,0.5910282192422304,0.3176590851009456,0.11730130334781498,0.0,0.16432404804497827,0.0,0.002555583950932788,0.0,0.19626884743163814,0.0,0.0002555583950932788,0.0,0.001533350370559673,0.0,0.001533350370559673,0.0,0.1929465882954255,0.0,0.0010222335803731152,0.0,0.0007666751852798365,0.0,0.0,0.0,0.001277791975466394,0.0,0.002555583950932788
wood,4.035804020100452,0.992128353971837,0.09196051980934979,0.5449046316815297,0.19792822789493156,0.13318534961154274,0.0,0.1997780244173141,0.0,0.0014798372179060304,0.0,0.2630410654827969,0.0,0.0003699593044765076,0.0,0.0007399186089530152,0.0,0.0007399186089530152,0.0,0.1997780244173141,0.0,0.0003699593044765076,0.0,0.0003699593044765076,0.0,0.0,0.0,0.0007399186089530152,0.0,0.0014798372179060304
wood,1.0158040201005027,0.9900527521265844,0.10956565796691073,0.6718174924395712,0.2276341948310139,0.11182902584493042,0.0,0.15904572564612326,0.0,0.0019880715705765406,0.0,0.24502982107355864,0.0,0.0,0.0,0.0014910536779324055,0.0,0.0,0.0,0.24502982107355864,0.0,0.0014910536779324055,0.0,0.0004970178926441351,0.0,0.0,0.0,0.0044731610337972166,0.0,0.0014910536779324055
wood,4.016407035175867,0.9890125725276726,0.06918140385776568,0.46134938958776345,0.1589905362776025,0.15457413249211358,0.0,0.24921135646687698,0.0,0.0012618296529968455,0.0,0.2703470031545741,0.0,0.0006309148264984228,0.0,0.0003154574132492114,0.0,0.0003154574132492114,0.0,0.1586750788643533,0.0,0.0006309148264984228,0.0,0.0015772870662460567,0.0,0.0,0.0,0.0012618296529968455,0.0,0.0022082018927444794
wood,2.626984924623114,0.9570269698670629,0.10020593804482805,0.5252205635598554,0.18541718867451767,0.13004259584064146,0.0,0.20596341768980206,0.0,0.0007516913054372337,0.0,0.26309195690303183,0.0,0.00025056376847907793,0.0,0.0007516913054372337,0.0,0.00025056376847907793,0.0,0.2099724379854673,0.0,0.0005011275369581559,0.0,0.0015033826108744675,0.0,0.0,0.0,0.0010022550739163117,0.0,0.0005011275369581559
wood,56.81834170854251,0.9718388715000525,0.04101280301763494,0.29859438908877395,0.27245145631067963,0.1574635922330097,0.0,0.1495752427184466,0.0,0.001516990291262136,0.0,0.2032766990291262,0.0,0.001516990291262136,0.0,0.0018203883495145632,0.0,0.0018203883495145632,0.0,0.20600728155339806,0.0,0.0006067961165048543,0.0,0.0009101941747572816,0.0,0.0,0.0,0.0018203883495145632,0.0,0.0012135922330097086
wood,1.2455276381909544,0.9830433792754656,0.1074131872755242,0.6310476818481539,0.2609090909090909,0.08954545454545454,0.0,0.19363636363636363,0.0,0.004090909090909091,0.0,0.22181818181818183,0.0,0.0,0.0,0.0,0.0,0.0,0.0,0.22272727272727272,0.0,0.0009090909090909091,0.0,0.0022727272727272726,0.0,0.0,0.0,0.0036363636363636364,0.0,0.00045454545454545455
wood,23.444522613065185,0.9810701945145531,0.04965452221575908,0.38925431395637683,0.22396856581532418,0.12854336233511085,0.0,0.21049677238282347,0.0,0.0014033118158854898,0.0,0.22649452708391804,0.0,0.0008419870895312938,0.0,0.000561324726354196,0.0,0.000561324726354196,0.0,0.2040415380297502,0.0,0.0,0.0,0.0019646365422396855,0.0,0.0,0.0,0.0008419870895312938,0.0,0.000280662363177098
wood,0.7085427135678388,0.9870592351817491,0.14739979782543733,0.7405127901953198,0.1775269368907132,0.15187275525910723,0.0,0.22780913288866086,0.0,0.002565418163160595,0.0,0.2832221652129297,0.0,0.0,0.0,0.0015392508978963571,0.0,0.0015392508978963571,0.0,0.14674191893278604,0.0,0.001026167265264238,0.0,0.0015392508978963571,0.0,0.0,0.0,0.001026167265264238,0.0,0.0035915854284248334
wood,2.2251256281407037,0.9468456312674396,0.11220692432428794,0.5510412950161103,0.20088422216081792,0.13042276872064107,0.0,0.21525283227410888,0.0,0.0013815971262779773,0.0,0.23984526112185686,0.0,0.0005526388505111909,0.0,0.0005526388505111909,0.0,0.0,0.0,0.20889748549323017,0.0,0.0,0.0,0.0008289582757667864,0.0,0.0,0.0,0.0011052777010223818,0.0,0.00027631942525559546
wood,4.346658291457281,0.9348065808612099,0.08438371419852776,0.45181183783211154,0.2412443345694273,0.1277297074577668,0.0,0.18170580964153277,0.0,0.0008240626287597857,0.0,0.22620519159456118,0.0,0.00020601565718994644,0.0,0.0010300782859497322,0.0,0.0008240626287597857,0.0,0.21837659662134323,0.0,0.00020601565718994644,0.0,0.0008240626287597857,0.0,0.0,0.0,0.00020601565718994644,0.0,0.0006180469715698393
wood,1.9381155778894463,0.9371460332786085,0.12209998248188948,0.5630733842257635,0.17760736196319019,0.11503067484662577,0.0,0.24478527607361963,0.0,0.0018404907975460123,0.0,0.25828220858895706,0.0,0.00030674846625766873,0.0,0.0,0.0,0.0,0.0,0.19785276073619631,0.0,0.0006134969325153375,0.0,0.0006134969325153375,0.0,0.0,0.0,0.00245398773006135,0.0,0.0006134969325153375
wood,5.189597989949661,0.9991503607677962,0.3705339744906786,0.7619281533413501,0.35753275109170307,0.1168122270742358,0.0,0.1490174672489083,0.0,0.001091703056768559,0.0,0.18176855895196506,0.0,0.0027292576419213972,0.0,0.001091703056768559,0.0,0.0016375545851528383,0.0,0.1784934497816594,0.0,0.0005458515283842794,0.0,0.002183406113537118,0.0,0.0005458515283842794,0.0,0.004366812227074236,0.0,0.002183406113537118
wood,1.001381909547738,0.9569910074906411,0.16307055976457766,0.6853215162887931,0.22837653478854025,0.13506139154160982,0.0,0.18472032742155525,0.0,0.0016371077762619372,0.0,0.23274215552523875,0.0,0.0008185538881309686,0.0,0.0019099590723055935,0.0,0.0005457025920873125,0.0,0.208731241473397,0.0,0.001364256480218281,0.0,0.001364256480218281,0.0,0.0,0.0,0.0016371077762619372,0.0,0.001091405184174625
wood,0.4196482412060302,0.9780017939242404,0.21056072336570095,0.8141758793969853,0.21443089430894308,0.09502032520325203,0.0,0.15904471544715448,0.0,0.00508130081300813,0.0,0.2703252032520325,0.0,0.001524390243902439,0.0,0.0005081300813008131,0.0,0.0005081300813008131,0.0,0.24085365853658536,0.0,0.0020325203252032522,0.0,0.001524390243902439,0.0,0.0,0.0,0.006097560975609756,0.0,0.003048780487804878
wood,0.8889698492462316,0.9747721446155918,0.1540966664763576,0.7145939994088091,0.21510416666666668,0.12552083333333333,0.0,0.18697916666666667,0.0,0.003125,0.0,0.253125,0.0,0.0,0.0,0.0010416666666666667,0.0,0.0015625,0.0,0.20677083333333332,0.0,0.0015625,0.0,0.0020833333333333333,0.0,0.0,0.0,0.0015625,0.0,0.0015625
wood,4.685979899497489,0.950872849862719,0.09887027896350671,0.4957845302480578,0.16362865621025857,0.16278083933870285,0.0,0.25052988554472233,0.0,0.000423908435777872,0.0,0.2522255192878338,0.0,0.000211954217888936,0.0,0.0,0.0,0.000423908435777872,0.0,0.1659601526070369,0.0,0.000211954217888936,0.0,0.000635862653666808,0.0,0.0,0.0,0.0019075879610004239,0.0,0.00105977108944468
